{"cameraMode":{"drawMode":0,"name":"Shaded","section":"Shading Mode"},"sceneLighting":true,"audioPlay":false,"sceneViewState":{"m_AlwaysRefresh":false,"showFog":true,"showSkybox":true,"showFlares":true,"showImageEffects":true,"showParticleSystems":true,"showVisualEffectGraphs":true,"m_FxEnabled":true},"in2DMode":false,"pivot":{"x":0.04739999771118164,"y":-0.003000000026077032,"z":-5.21272087097168},"rotation":{"x":0.4749104976654053,"y":-0.5010099411010742,"z":0.3907649517059326,"w":0.6088958978652954},"size":0.20994378626346589,"orthographic":true}