{"cameraMode":{"drawMode":0,"name":"Shaded","section":"Shading Mode"},"sceneLighting":true,"audioPlay":false,"sceneViewState":{"m_AlwaysRefresh":false,"showFog":true,"showSkybox":true,"showFlares":true,"showImageEffects":true,"showParticleSystems":true,"showVisualEffectGraphs":true,"m_FxEnabled":true},"in2DMode":false,"pivot":{"x":0.1017601490020752,"y":0.9160127639770508,"z":-2.268716812133789},"rotation":{"x":0.25336652994155886,"y":0.13872085511684419,"z":-0.03673897683620453,"w":0.9566692113876343},"size":6.386123180389404,"orthographic":true}