{"cameraMode":{"drawMode":0,"name":"Shaded","section":"Shading Mode"},"sceneLighting":true,"audioPlay":false,"sceneViewState":{"m_AlwaysRefresh":false,"showFog":true,"showSkybox":true,"showFlares":true,"showImageEffects":true,"showParticleSystems":true,"showVisualEffectGraphs":true,"m_FxEnabled":true},"in2DMode":false,"pivot":{"x":-0.05235560983419418,"y":10.889927864074707,"z":-9.374887466430664},"rotation":{"x":0.5664951801300049,"y":0.017302224412560464,"z":-0.011897935532033444,"w":0.8237975835800171},"size":0.3768279552459717,"orthographic":true}