{"cameraMode":{"drawMode":0,"name":"Shaded","section":"Shading Mode"},"sceneLighting":true,"audioPlay":false,"sceneViewState":{"m_AlwaysRefresh":false,"showFog":true,"showSkybox":true,"showFlares":true,"showImageEffects":true,"showParticleSystems":true,"showVisualEffectGraphs":true,"m_FxEnabled":true},"in2DMode":false,"pivot":{"x":0.26580047607421877,"y":-17.280941009521486,"z":30.660865783691408},"rotation":{"x":0.09263331443071366,"y":0.9061168432235718,"z":-0.3158440887928009,"w":0.2657626271247864},"size":77.16236114501953,"orthographic":true}