{"cameraMode":{"drawMode":0,"name":"Shaded","section":"Shading Mode"},"sceneLighting":true,"audioPlay":false,"sceneViewState":{"m_AlwaysRefresh":false,"showFog":true,"showSkybox":true,"showFlares":true,"showImageEffects":true,"showParticleSystems":true,"showVisualEffectGraphs":true,"m_FxEnabled":true},"in2DMode":false,"pivot":{"x":2.1621994972229006,"y":-1.4474492073059083,"z":-2.4928908348083498},"rotation":{"x":0.1768665313720703,"y":0.03247841075062752,"z":-0.005826157983392477,"w":0.9836898446083069},"size":5.6333208084106449,"orthographic":true}