{"cameraMode":{"drawMode":0,"name":"Shaded","section":"Shading Mode"},"sceneLighting":true,"audioPlay":false,"sceneViewState":{"m_AlwaysRefresh":false,"showFog":true,"showSkybox":true,"showFlares":true,"showImageEffects":true,"showParticleSystems":true,"showVisualEffectGraphs":true,"m_FxEnabled":true},"in2DMode":false,"pivot":{"x":20.569507598876954,"y":-1.9767818450927735,"z":-1.3429288864135743},"rotation":{"x":0.5919633507728577,"y":0.05790013074874878,"z":-0.04269292205572128,"w":0.802752673625946},"size":16.822162628173829,"orthographic":true}