{"cameraMode":{"drawMode":0,"name":"Shaded","section":"Shading Mode"},"sceneLighting":true,"audioPlay":false,"sceneViewState":{"m_AlwaysRefresh":false,"showFog":true,"showSkybox":true,"showFlares":true,"showImageEffects":true,"showParticleSystems":true,"showVisualEffectGraphs":true,"m_FxEnabled":true},"in2DMode":false,"pivot":{"x":-0.7324603796005249,"y":5.403761863708496,"z":-4.212762832641602},"rotation":{"x":0.29397279024124148,"y":-0.12144217640161514,"z":0.037686727941036227,"w":0.9473215341567993},"size":7.299572944641113,"orthographic":true}