{"cameraMode":{"drawMode":0,"name":"Shaded","section":"Shading Mode"},"sceneLighting":true,"audioPlay":false,"sceneViewState":{"m_AlwaysRefresh":false,"showFog":true,"showSkybox":true,"showFlares":true,"showImageEffects":true,"showParticleSystems":true,"showVisualEffectGraphs":true,"m_FxEnabled":true},"in2DMode":false,"pivot":{"x":2.7042036056518556,"y":2.900670289993286,"z":-0.9325037002563477},"rotation":{"x":0.5451925992965698,"y":0.025141270831227304,"z":-0.016360782086849214,"w":0.8377948999404907},"size":8.064095497131348,"orthographic":true}