{"cameraMode":{"drawMode":0,"name":"Shaded","section":"Shading Mode"},"sceneLighting":true,"audioPlay":false,"sceneViewState":{"m_AlwaysRefresh":false,"showFog":true,"showSkybox":true,"showFlares":true,"showImageEffects":true,"showParticleSystems":true,"showVisualEffectGraphs":true,"m_FxEnabled":true},"in2DMode":false,"pivot":{"x":-0.13939428329467774,"y":1.0817488431930543,"z":-6.836573123931885},"rotation":{"x":0.2802382707595825,"y":0.10770727694034577,"z":-0.03165813162922859,"w":0.9533500671386719},"size":0.7631013989448547,"orthographic":true}