{"cameraMode":{"drawMode":0,"name":"Shaded","section":"Shading Mode"},"sceneLighting":true,"audioPlay":false,"sceneViewState":{"m_AlwaysRefresh":false,"showFog":true,"showSkybox":true,"showFlares":true,"showImageEffects":true,"showParticleSystems":true,"showVisualEffectGraphs":true,"m_FxEnabled":true},"in2DMode":false,"pivot":{"x":0.48572397232055666,"y":0.2793828248977661,"z":-0.6891058683395386},"rotation":{"x":-0.029345879331231118,"y":0.7534248232841492,"z":-0.6560189723968506,"w":-0.033703576773405078},"size":4.125194549560547,"orthographic":false}