{"cameraMode":{"drawMode":0,"name":"Shaded","section":"Shading Mode"},"sceneLighting":true,"audioPlay":false,"sceneViewState":{"m_AlwaysRefresh":false,"showFog":true,"showSkybox":true,"showFlares":true,"showImageEffects":true,"showParticleSystems":true,"showVisualEffectGraphs":true,"m_FxEnabled":true},"in2DMode":false,"pivot":{"x":0.8665511608123779,"y":-1.7109193801879883,"z":1.9865307807922364},"rotation":{"x":0.5565879940986633,"y":-0.0161974485963583,"z":0.01085504051297903,"w":0.8305639624595642},"size":3.137542724609375,"orthographic":true}